{
  "r2": 0.294964033127878,
  "mae": 5.199265194343747,
  "rmse": 6.471081172732549,
  "precision": 27.386012718070216,
  "rms_stat": 42.40105446838936,
  "rms_dyn": 6.471081172732549,
  "rms_scale_factor": 0.15632065415639987,
  "std_stat": 0.8565872189310972,
  "time_drift": -1130.6440031350967,
  "correctionMatrixRow": [
    0.0028356982375509687,
    -0.48428854004501964,
    -0.022712462700474445
  ]
}