{
  "r2": 0.9712859275711477,
  "mae": 0.5928621499399137,
  "rmse": 0.746232703044326,
  "precision": 0.7164391890303772,
  "rms_stat": 0.4960591049835362,
  "rms_dyn": 0.746232703044326,
  "rms_scale_factor": 0.057859696375746804,
  "std_stat": 6.0442965116929095,
  "time_drift": -18.682585763600976,
  "correctionMatrixRow": [
    0.5873569717258437,
    -2.9813114932814067,
    15.988899455841803
  ]
}