{
  "r2": 0.8620266920616548,
  "mae": 0.006955896358138805,
  "rmse": 0.010185068605431774,
  "precision": 0.0019352999274535414,
  "rms_stat": 0.0009706733619734642,
  "rms_dyn": 0.010185068605431774,
  "rms_scale_factor": 0.09292945807875706,
  "std_stat": 0.0009676952731156808,
  "time_drift": -3.070038104949664e-05,
  "correctionMatrixRow": [
    -1.5122253472548254e-07,
    7.157698602737154e-09,
    -1.0449349731133483e-07
  ]
}