{
  "r2": 0.9096477581149182,
  "mae": 3777.5660860338576,
  "rmse": 4721.491231799571,
  "precision": 9120.984386725651,
  "rms_stat": 4560.978856454504,
  "rms_dyn": 4721.491231799571,
  "rms_scale_factor": 0.07514708310997249,
  "std_stat": 4560.81797771109,
  "time_drift": -700.0062283134524,
  "correctionMatrixRow": [
    0.003641549845873971,
    0.9071464519085286,
    0.01696103263566978
  ]
}