{
  "r2": 0.9992862833202545,
  "mae": 0.0651024014186684,
  "rmse": 0.0843283178572388,
  "precision": 0.013993324318192174,
  "rms_stat": 0.05406785240948134,
  "rms_dyn": 0.09150512965762612,
  "rms_scale_factor": 0.009150512965762612,
  "std_stat": 0.0069969897718679805,
  "time_drift": -0.040260125441187636,
  "correctionMatrixRow": [
    1.0192430720531316,
    0.0
  ]
}