{
  "r2": 0.998755078870408,
  "mae": 0.0696119763543148,
  "rmse": 0.08806307302038664,
  "precision": 0.027259496924997174,
  "rms_stat": 0.01477777128774089,
  "rms_dyn": 0.08806307302038664,
  "rms_scale_factor": 0.008806307302038664,
  "std_stat": 0.013630386663911271,
  "time_drift": -0.14209507201359398,
  "correctionMatrixRow": [
    -0.001008596322292433,
    0.00011370784453061935,
    3.773373307958296e-06
  ]
}