{
  "r2": 0.9938166949450549,
  "mae": 15.556092648914175,
  "rmse": 19.638408325133003,
  "precision": 38.606389430523976,
  "rms_stat": 19.303201334826188,
  "rms_dyn": 19.638408325133003,
  "rms_scale_factor": 0.019638408325133003,
  "std_stat": 19.304573662630624,
  "time_drift": -3.2671647834119066,
  "correctionMatrixRow": [
    0.9935889493225736,
    0.0002795081142747989,
    -0.004751665831791616
  ]
}