{
  "r2": 0.9993002699024477,
  "mae": 0.06619424586851072,
  "rmse": 0.08581777467514064,
  "precision": 0.013993520594796532,
  "rms_stat": 0.056834835763719,
  "rms_dyn": 0.0912694606389059,
  "rms_scale_factor": 0.00912694606389059,
  "std_stat": 0.006997087914765401,
  "time_drift": 0.040260690147652926,
  "correctionMatrixRow": [
    1.0192573684107837,
    0.0
  ]
}