{
  "r2": 0.42902457868725286,
  "mae": 26007.870958369636,
  "rmse": 32938.96681809766,
  "precision": 41964.89411931448,
  "rms_stat": 20990.66070766728,
  "rms_dyn": 32938.96681809766,
  "rms_scale_factor": 0.18896774033674293,
  "std_stat": 20983.945966474854,
  "time_drift": 1012.0968448122672,
  "correctionMatrixRow": [
    -0.0029711472031717194,
    0.4253445545913595,
    0.0076742631811008155
  ]
}