{
  "r2": 0.9254622520626151,
  "mae": 0.08482647679979127,
  "rmse": 0.1164799847316215,
  "precision": 0.028298211674537995,
  "rms_stat": 0.07134453352033042,
  "rms_dyn": 0.1164799847316215,
  "rms_scale_factor": 0.06814085920885778,
  "std_stat": 0.014149768357150299,
  "time_drift": 0.002862581334881842,
  "correctionMatrixRow": [
    1.1249560197819641e-05,
    -7.94334659316078e-07,
    -6.574122050213428e-06
  ]
}