{
  "r2": 0.09350304103612483,
  "mae": 0.01087664884702666,
  "rmse": 0.014401697449020453,
  "precision": 0.001779555782979172,
  "rms_stat": 0.006204252128626766,
  "rms_dyn": 0.014401697449020453,
  "rms_scale_factor": 0.15931081248916434,
  "std_stat": 0.0008435218896657542,
  "time_drift": 0.010411660733606554,
  "correctionMatrixRow": [
    -0.012717311461504344,
    0.03118754762670576,
    -0.014553521685766636
  ]
}