{
  "r2": 0.876536,
  "mae": 0.225869,
  "rmse": 0.517053,
  "precision": 0.040546,
  "max_error_stat": 0.636174,
  "max_error_dyn": 10.949104,
  "rms_dyn": 0.517053,
  "rms_stat": 0.109295,
  "std_stat": 0.020273,
  "std_dyn": 0.020273,
  "time_drift": -0.00018,
  "correctionMatrixRow": [
    -0.03305031532402406,
    0.2754190478240354,
    0.8658961246617968
  ]
}