{
  "r2": 0.6516319919302953,
  "mae": 0.07441046780165456,
  "rmse": 0.11843667283375275,
  "precision": 0.03343384249327506,
  "rms_stat": 0.016786880430722812,
  "rms_dyn": 0.03887396002819537,
  "rms_scale_factor": 505.528913168841,
  "std_stat": 0.016692630672094536,
  "time_drift": -0.0983561395693135,
  "correctionMatrixRow": [
    0.0,
    0.0,
    -0.8467733114129801
  ]
}