{
  "r2": 0.764231094235035,
  "mae": 0.4834853232076118,
  "rmse": 0.6469190409119003,
  "precision": 0.35189200599128834,
  "rms_stat": 0.18148145560084747,
  "rms_dyn": 0.6469190409119003,
  "rms_scale_factor": 0.09815783705761241,
  "std_stat": 0.2889820727080643,
  "time_drift": 0.8181159712565,
  "correctionMatrixRow": [
    0.0989432942623214,
    0.23460293227171666,
    -0.6862290940070412
  ]
}