{
  "r2": 0.968273,
  "mae": 0.009608,
  "rmse": 0.0119,
  "precision": 12.118634,
  "max_error_stat": 25.25695,
  "max_error_dyn": 0.04269,
  "rms_dyn": 0.0119,
  "rms_stat": 16.898491,
  "std_stat": 6.059317,
  "std_dyn": 6.059317,
  "time_drift": 2.064902,
  "correctionMatrixRow": [
    -0.13877324600566382,
    -0.5609213069581241,
    0.29579651841840404
  ]
}