{
  "r2": 0.99834,
  "mae": 0.350693,
  "rmse": 0.433225,
  "precision": 0.284612,
  "max_error_stat": 3.88725,
  "max_error_dyn": 1.334736,
  "rms_dyn": 0.433225,
  "rms_stat": 3.655881,
  "std_stat": 0.142306,
  "std_dyn": 0.142306,
  "time_drift": -0.825765,
  "correctionMatrixRow": [
    1.010757699074835,
    0.09955911484426262,
    -0.028132269557914064
  ]
}