{
  "r2": 0.7240744591600102,
  "mae": 1.5040707305199186,
  "rmse": 2.029608762376622,
  "precision": 0.9238942618704954,
  "rms_stat": 0.46393132419313166,
  "rms_dyn": 2.029608762376622,
  "rms_scale_factor": 0.0502744187209754,
  "std_stat": 0.8403125642663292,
  "time_drift": 8.957272267808541,
  "correctionMatrixRow": [
    0.1684203760984257,
    -0.32032718852409275,
    0.0659525909033046
  ]
}