{
  "r2": 0.7003711479283412,
  "mae": 0.1389955173096199,
  "rmse": 0.18182315191472267,
  "precision": 0.22308958581816485,
  "rms_stat": 0.11270844075501163,
  "rms_dyn": 0.18182315191472267,
  "rms_scale_factor": 0.06054975495641564,
  "std_stat": 0.11131363098958225,
  "time_drift": -0.3474405339966515,
  "correctionMatrixRow": [
    0.0590720309250918,
    -0.5258382093286573,
    -0.009475889238732216
  ]
}