{
  "r2": 0.958413,
  "mae": 0.177384,
  "rmse": 0.362418,
  "precision": 0.054557,
  "max_error_stat": 0.855298,
  "max_error_dyn": 7.448877,
  "rms_dyn": 0.362418,
  "rms_stat": 0.027354,
  "std_stat": 0.027279,
  "std_dyn": 0.027279,
  "time_drift": -0.007513,
  "correctionMatrixRow": [
    0.9673836713794348,
    0.10964746958145297,
    0.10801146064575436
  ]
}