{
  "r2": 0.018577,
  "mae": 0.000332,
  "rmse": 0.000521,
  "precision": 0.002427,
  "max_error_stat": 0.005593,
  "max_error_dyn": 0.007434,
  "rms_dyn": 0.000521,
  "rms_stat": 0.00319,
  "std_stat": 0.001214,
  "std_dyn": 0.001214,
  "time_drift": 0.000411,
  "correctionMatrixRow": [
    0.0011765229623194693,
    0.0003554771242136375,
    0.0013200473387252418
  ]
}