{
  "r2": 0.998884,
  "mae": 0.200673,
  "rmse": 0.250565,
  "precision": 0.059489,
  "max_error_stat": 0.06315,
  "max_error_dyn": 0.967546,
  "rms_dyn": 0.250565,
  "rms_stat": 0.032546,
  "std_stat": 0.029745,
  "std_dyn": 0.029745,
  "time_drift": 0.14977,
  "correctionMatrixRow": [
    -0.11455427918504581,
    1.0610940303385614,
    0.0007386649222420605
  ]
}