{
  "r2": 0.114557,
  "mae": 0.004648,
  "rmse": 0.01367,
  "precision": 1.015463,
  "max_error_stat": 2.112567,
  "max_error_dyn": 0.14547,
  "rms_dyn": 0.01367,
  "rms_stat": 1.38788,
  "std_stat": 0.507732,
  "std_dyn": 0.507732,
  "time_drift": 0.173166,
  "correctionMatrixRow": [
    0.44360006833827836,
    0.2023082357337178,
    0.02476057461365888
  ]
}