{
  "r2": 0.980907,
  "mae": 0.522231,
  "rmse": 1.076879,
  "precision": 0.543048,
  "max_error_stat": 2.128624,
  "max_error_dyn": 15.573424,
  "rms_dyn": 1.076879,
  "rms_stat": 0.271673,
  "std_stat": 0.271524,
  "std_dyn": 0.271524,
  "time_drift": -0.01053,
  "correctionMatrixRow": [
    -0.11378690444070112,
    -0.004512911188396362,
    1.0222219617613366
  ]
}