{
  "r2": 0.00177,
  "mae": 0.005392,
  "rmse": 0.007171,
  "precision": 0.011627,
  "max_error_stat": 0.026204,
  "max_error_dyn": 0.088963,
  "rms_dyn": 0.007171,
  "rms_stat": 0.005814,
  "std_stat": 0.005813,
  "std_dyn": 0.005813,
  "time_drift": 2e-06,
  "correctionMatrixRow": [
    0.00026531952159951876,
    8.815488808054845e-05,
    0.0011007855489127967
  ]
}