{
  "r2": 0.000305,
  "mae": 0.000197,
  "rmse": 0.00036,
  "precision": 0.000955,
  "max_error_stat": 0.004097,
  "max_error_dyn": 0.007097,
  "rms_dyn": 0.00036,
  "rms_stat": 0.001807,
  "std_stat": 0.000477,
  "std_dyn": 0.000477,
  "time_drift": -6e-05,
  "correctionMatrixRow": [
    0.00010090520328364606,
    -0.0001127770553126517,
    8.01978955427586e-06
  ]
}