{
  "r2": 0.415829,
  "mae": 0.143358,
  "rmse": 0.21054,
  "precision": 0.01729,
  "max_error_stat": 0.340317,
  "max_error_dyn": 3.071408,
  "rms_dyn": 0.21054,
  "rms_stat": 0.190745,
  "std_stat": 0.008645,
  "std_dyn": 0.008645,
  "time_drift": 0.001065,
  "correctionMatrixRow": [
    -0.027891775463104673,
    -0.33921445562301433,
    -0.029499055964251685
  ]
}