{
  "r2": 0.9912567920376039,
  "mae": 0.23039888619881516,
  "rmse": 0.2951227226307112,
  "precision": 0.01710261076843768,
  "rms_stat": 0.42860138359605215,
  "rms_dyn": 0.2516366871847393,
  "rms_scale_factor": 0.02516366871847393,
  "std_stat": 0.008551705791841292,
  "time_drift": 0.04002655772466779,
  "correctionMatrixRow": [
    0.0,
    1.2265197062611144
  ]
}