{
  "r2": 0.9936715415036723,
  "mae": 15.78638077464321,
  "rmse": 19.86757756848245,
  "precision": 38.84508247373437,
  "rms_stat": 19.422564169428007,
  "rms_dyn": 19.86757756848245,
  "rms_scale_factor": 0.01986757756848245,
  "std_stat": 19.423928709900842,
  "time_drift": 0.7572577092894849,
  "correctionMatrixRow": [
    0.0007435369136490759,
    0.9926397114832851,
    -0.003396315391643534
  ]
}