{
  "r2": 0.9923783199759213,
  "mae": 0.21354726269279256,
  "rmse": 0.2832047834076299,
  "precision": 0.017122012292989503,
  "rms_stat": 0.45419279508994476,
  "rms_dyn": 0.24194979831944097,
  "rms_scale_factor": 0.024194979831944095,
  "std_stat": 0.008561407008347172,
  "time_drift": 0.040071964607448635,
  "correctionMatrixRow": [
    0.0,
    1.2279110933725046
  ]
}