{
  "r2": 0.9946170422656277,
  "mae": 0.12148133147111183,
  "rmse": 0.18305192538244913,
  "precision": 0.5567025493636237,
  "rms_stat": 1.1670756653700447,
  "rms_dyn": 0.18305192538244913,
  "rms_scale_factor": 0.018305192538244912,
  "std_stat": 0.2783643082441856,
  "time_drift": -3.2471602380787545,
  "correctionMatrixRow": [
    0.00010715758346419497,
    0.0012179641147290474,
    6.672266738694927e-05
  ]
}