{
  "r2": 0.523234,
  "mae": 2.084605,
  "rmse": 2.401007,
  "maxError": 5.578296,
  "scaleFactorError": 206.227751,
  "stdNoise": 2.401007,
  "coefs": [
    -1.062277512633,
    -91.474675192698
  ],
  "precision": 4.802013
}