{
  "r2": 0.995707,
  "mae": 0.100996,
  "rmse": 0.16918,
  "precision": 0.066042,
  "max_error_stat": 0.211696,
  "max_error_dyn": 1.277107,
  "mean_error_stat": 0.211696,
  "mean_error_dyn": 1.277107,
  "rms_stat": 0.033779,
  "rms_dyn": 0.16918,
  "std_stat": 0.033021,
  "std_dyn": 0.16918,
  "time_drift": 0.000773,
  "correctionMatrixRow": [
    0.1157335541629475,
    0.0,
    0.0
  ]
}