{
  "r2": 0.991235,
  "mae": 0.99416,
  "rmse": 1.30305,
  "precision": 0.549059,
  "max_error_stat": 0.858992,
  "max_error_dyn": 3.538351,
  "mean_error_stat": 0.858992,
  "mean_error_dyn": 3.538351,
  "rms_stat": 0.274773,
  "rms_dyn": 1.30305,
  "std_stat": 0.274529,
  "std_dyn": 1.30305,
  "time_drift": 1.781447,
  "correctionMatrixRow": [
    1.0005463234833916,
    0.0,
    0.0
  ]
}