{
  "r2": 0.8694249398001206,
  "mae": 3.1090362283498147,
  "rmse": 4.2565529297598355,
  "precision": 1.9983151823617393,
  "rms_stat": 0.9993639790683151,
  "rms_dyn": 4.2565529297598355,
  "rms_scale_factor": 0.04305219251838204,
  "std_stat": 2.7834624889758457,
  "time_drift": 0.9030571289613454,
  "correctionMatrixRow": [
    0.8707720272941167,
    -0.05809940843674608,
    0.27196357625990386
  ]
}