{
  "r2": 0.33281070603805407,
  "mae": 0.07819227416440758,
  "rmse": 0.10125683187033739,
  "precision": 0.05955212220506826,
  "rms_stat": 0.030117728033192927,
  "rms_dyn": 0.10125683187033739,
  "rms_scale_factor": 0.13291705071267415,
  "std_stat": 0.028924239176358866,
  "time_drift": -0.01901564436789,
  "correctionMatrixRow": [
    0.12006219888339364,
    -0.04312028987111036,
    0.017001564201571333
  ]
}