{
  "r2": 0.781059,
  "mae": 1.435132,
  "rmse": 3.258188,
  "precision": 0.414271,
  "max_error_stat": 2.000808,
  "max_error_dyn": 45.883245,
  "rms_dyn": 3.258188,
  "rms_stat": 0.207699,
  "std_stat": 0.207135,
  "std_dyn": 0.207135,
  "time_drift": -0.001344,
  "correctionMatrixRow": [
    0.8851880831551759,
    -0.17396924547029635,
    0.03276172440331662
  ]
}