{
  "r2": 0.9957647236379539,
  "mae": 0.9402590818150759,
  "rmse": 1.386430537452079,
  "precision": 0.4478426643889848,
  "rms_stat": 0.22475850442503312,
  "rms_dyn": 0.22393838294366647,
  "rms_scale_factor": 9185.54015258033,
  "std_stat": 0.22436422548024557,
  "time_drift": -0.5103115211961554,
  "correctionMatrixRow": [
    1.0026541562328501,
    0.0,
    0.0
  ]
}