{
  "r2": 0.997814,
  "mae": 0.035616,
  "rmse": 0.05028,
  "precision": 0.042976,
  "max_error_stat": 0.112308,
  "max_error_dyn": 0.237074,
  "mean_error_stat": 0.112308,
  "mean_error_dyn": 0.237074,
  "rms_stat": 0.067262,
  "rms_dyn": 0.05028,
  "std_stat": 0.021488,
  "std_dyn": 0.05028,
  "time_drift": 0.063748,
  "correctionMatrixRow": [
    0.0,
    0.1187415291233659,
    0.0
  ]
}