{
  "r2": 0.6537592918198816,
  "mae": 0.020653371352546863,
  "rmse": 0.024501314205526294,
  "precision": 0.010358767085371569,
  "rms_stat": 0.04872392312849541,
  "rms_dyn": 0.024501314205526294,
  "rms_scale_factor": 0.1425428679840402,
  "std_stat": 0.0051810048867676605,
  "time_drift": -0.37020727344289994,
  "correctionMatrixRow": [
    -0.06981609891391256,
    0.4160668181468381,
    0.018979096899208514
  ]
}