{
  "r2": 0.997682,
  "mae": 0.223347,
  "rmse": 0.276837,
  "precision": 0.080709,
  "max_error_stat": 0.216174,
  "max_error_dyn": 0.830383,
  "mean_error_stat": 0.216174,
  "mean_error_dyn": 0.830383,
  "rms_stat": 0.07287,
  "rms_dyn": 0.276837,
  "std_stat": 0.040354,
  "std_dyn": 0.276837,
  "time_drift": -3.677475,
  "correctionMatrixRow": [
    0.0,
    1.002054459234859,
    0.0
  ]
}