{
  "r2": 0.9479669205941929,
  "mae": 1.6261559981455784,
  "rmse": 1.9883195584945141,
  "precision": 0.804917989954489,
  "rms_stat": 0.9246019879773086,
  "rms_dyn": 1.9883195584945141,
  "rms_scale_factor": 0.04727891400208348,
  "std_stat": 2.0133595886986284,
  "time_drift": 11.686512681523537,
  "correctionMatrixRow": [
    0.005890999810804247,
    -1.1866159874067055,
    -0.012594583981609286
  ]
}