{
  "r2": 0.9986670056776298,
  "mae": 0.28952827892144445,
  "rmse": 0.3284322146603233,
  "precision": 0.049658303480449355,
  "rms_stat": 0.009138663307751902,
  "rms_dyn": 0.19315808170215557,
  "rms_scale_factor": 0.36193716360481404,
  "std_stat": 0.008644823247824793,
  "time_drift": 1.720375414406625,
  "correctionMatrixRow": [
    0.0,
    1.0044043591568432,
    0.0
  ]
}