{
  "r2": 0.9743256998414221,
  "mae": 0.04894584762111991,
  "rmse": 0.06838507495182845,
  "precision": 0.01990210054502947,
  "rms_stat": 0.011196185116663418,
  "rms_dyn": 0.06838507495182845,
  "rms_scale_factor": 0.040005308852128496,
  "std_stat": 0.00995151622200449,
  "time_drift": -0.0019650233982755707,
  "correctionMatrixRow": [
    -9.869189673642455e-07,
    -9.61657654519037e-06,
    6.16877984626212e-07
  ]
}