{
  "r2": 0.4321549913631436,
  "mae": 26138.023836591845,
  "rmse": 32848.547620862635,
  "precision": 43073.34604759198,
  "rms_stat": 21536.784386224597,
  "rms_dyn": 32848.547620862635,
  "rms_scale_factor": 0.18844901394562924,
  "std_stat": 21538.211522424506,
  "time_drift": 6792.965329054062,
  "correctionMatrixRow": [
    0.4346034616234881,
    0.004515409740139328,
    0.0062248577609022695
  ]
}