{
  "r2": 0.9989413214080981,
  "mae": 0.3052270822699386,
  "rmse": 0.38158653817765054,
  "precision": 0.522842978747624,
  "rms_stat": 0.2650584930564302,
  "rms_dyn": 0.26172891687130534,
  "rms_scale_factor": 4062.9084842840966,
  "std_stat": 0.261158829303706,
  "time_drift": 0.5156060057066348,
  "correctionMatrixRow": [
    0.0,
    0.0,
    -1.0131217233179033
  ]
}