{
  "r2": 0.9104407509138728,
  "mae": 3.2528627019557423,
  "rmse": 4.385570897997968,
  "precision": 2.2090171478955254,
  "rms_stat": 1.1052116211871625,
  "rms_dyn": 4.385570897997968,
  "rms_scale_factor": 0.044180462770394766,
  "std_stat": 3.2266579733854766,
  "time_drift": -7.6157583359168175,
  "correctionMatrixRow": [
    0.3745145252023196,
    -0.054113412212894674,
    -0.8849872330408249
  ]
}