{
  "r2": 0.999142,
  "mae": 0.622947,
  "rmse": 0.776038,
  "precision": 0.968749,
  "max_error_stat": 1.82279,
  "max_error_dyn": 2.377404,
  "mean_error_stat": 1.82279,
  "mean_error_dyn": 2.377404,
  "rms_stat": 0.484377,
  "rms_dyn": 0.776038,
  "std_stat": 0.484374,
  "std_dyn": 0.776038,
  "time_drift": -0.202998,
  "correctionMatrixRow": [
    0.0,
    0.0,
    1.832909069270523
  ]
}