{
  "r2": 0.9989621058849787,
  "mae": 0.30264259916150094,
  "rmse": 0.37782222757058787,
  "precision": 0.5122847085588413,
  "rms_stat": 0.25653352152444736,
  "rms_dyn": 0.37782222757058787,
  "rms_scale_factor": 0.006338788674734264,
  "std_stat": 0.2558958804289709,
  "time_drift": 0.4802378991424276,
  "correctionMatrixRow": [
    0.16513035766666875,
    0.010567696979339347,
    -0.9828750357613449
  ]
}