{
  "r2": 0.400246,
  "mae": 3.779859,
  "rmse": 5.260181,
  "maxError": 17.699387,
  "scaleFactorError": 99.999557,
  "stdNoise": 5.260181,
  "coefs": [
    4.428924e-06,
    2.55060141179
  ],
  "precision": 10.520362
}