{
  "r2": 0.980012,
  "mae": 0.187131,
  "rmse": 0.232315,
  "maxError": 1.003095,
  "scaleFactorError": 75.380416,
  "stdNoise": 0.232315,
  "coefs": [
    0.246195837957,
    0.196552154809
  ],
  "precision": 0.464631
}