{
  "r2": 0.6744982119334886,
  "mae": 0.3165750796693709,
  "rmse": 0.4015586480121714,
  "precision": 0.19076012858550528,
  "rms_stat": 0.18348901213325472,
  "rms_dyn": 0.4015586480121714,
  "rms_scale_factor": 0.13709752407380382,
  "std_stat": 0.151023466579481,
  "time_drift": -1.100213211769429,
  "correctionMatrixRow": [
    0.1434732173326954,
    0.1385258009223781,
    -0.23283297052055185
  ]
}