{
  "r2": 0.859071,
  "mae": 0.122763,
  "rmse": 0.155691,
  "precision": 0.055901,
  "max_error_stat": 0.392231,
  "max_error_dyn": 0.423194,
  "mean_error_stat": 0.392231,
  "mean_error_dyn": 0.423194,
  "rms_stat": 0.028408,
  "rms_dyn": 0.155691,
  "std_stat": 0.02795,
  "std_dyn": 0.155691,
  "time_drift": 0.034077,
  "correctionMatrixRow": [
    0.0,
    -0.9074353159956722,
    0.0
  ]
}