{
  "r2": 0.556975,
  "mae": 0.156727,
  "rmse": 0.242525,
  "precision": 0.01501,
  "max_error_stat": 0.252203,
  "max_error_dyn": 2.670794,
  "rms_dyn": 0.242525,
  "rms_stat": 0.090076,
  "std_stat": 0.007505,
  "std_dyn": 0.007505,
  "time_drift": -9.9e-05,
  "correctionMatrixRow": [
    0.023599843350080044,
    -0.2929708584349562,
    -0.12412771700671334
  ]
}