{
  "r2": 0.7219285598082943,
  "mae": 0.050928671298272984,
  "rmse": 0.07297125256241246,
  "precision": 0.0496303757293957,
  "rms_stat": 0.025569437009815215,
  "rms_dyn": 0.07297125256241246,
  "rms_scale_factor": 0.08072041212656247,
  "std_stat": 0.024806239106053406,
  "time_drift": 0.09340084415588629,
  "correctionMatrixRow": [
    -0.731483108885222,
    0.7957614194404115,
    -0.11227612591296805
  ]
}