{
  "r2": 0.9103467018781348,
  "mae": 3758.1051406449665,
  "rmse": 4703.193601865921,
  "precision": 9058.180182803808,
  "rms_stat": 4529.464601516714,
  "rms_dyn": 4703.193601865921,
  "rms_scale_factor": 0.07485585869594016,
  "std_stat": 4529.413632502534,
  "time_drift": 62.618246166390726,
  "correctionMatrixRow": [
    0.9069083811438454,
    0.005515852556958245,
    0.017584082663707666
  ]
}