{
  "r2": 0.8699187514312463,
  "mae": 0.00566010669834087,
  "rmse": 0.010051741646922786,
  "precision": 0.0016748954185883103,
  "rms_stat": 0.0008432322757080697,
  "rms_dyn": 0.010051741646922786,
  "rms_scale_factor": 0.022446944276290275,
  "std_stat": 0.0008374869220729229,
  "time_drift": 3.7008331681567915e-05,
  "correctionMatrixRow": [
    2.389259633087309e-08,
    1.883515834894516e-07,
    -2.9501355916019375e-08
  ]
}