{
  "r2": 1.0,
  "mae": 9.332382042395905e-15,
  "rmse": 1.2914042283601319e-14,
  "precision": 6.093542601851764e-14,
  "rms_stat": 7.504371686254342e-14,
  "rms_dyn": 1.031651297392805e-14,
  "rms_scale_factor": Infinity,
  "std_stat": 3.056941043104245e-14,
  "time_drift": -3.5224073821370873e-13,
  "correctionMatrixRow": [
    0.0,
    0.0,
    7.198775519602398e-18
  ]
}