{
  "r2": 6.53906099862267e-05,
  "mae": 39.983440174140696,
  "rmse": 50.315982979502586,
  "precision": 98.5103720577603,
  "rms_stat": 49.25571978864439,
  "rms_dyn": 50.315982979502586,
  "rms_scale_factor": 0.13171723293063503,
  "std_stat": 0.10663001669015827,
  "time_drift": -8.439026851540017,
  "correctionMatrixRow": [
    -6.940581595415312e-05,
    0.0015689670997303118,
    0.0020774527986854308
  ]
}