{
  "r2": 1.0,
  "mae": 2.41181755016456e-13,
  "rmse": 3.260318568076318e-13,
  "precision": 2.6438618955023204e-13,
  "rms_stat": 3.471699521735328e-13,
  "rms_dyn": 3.260318568076318e-13,
  "rms_scale_factor": Infinity,
  "std_stat": 1.323278998728671e-13,
  "time_drift": -1.5418978362057032e-12,
  "correctionMatrixRow": [
    -1.6942458885678204e-17,
    -1.5265566588595902e-16,
    3.122502256758253e-17
  ]
}