{
  "r2": 0.693294,
  "mae": 0.020581,
  "rmse": 0.028707,
  "precision": 0.029392,
  "max_error_stat": 0.401057,
  "max_error_dyn": 0.19387,
  "mean_error_stat": 0.401057,
  "mean_error_dyn": 0.19387,
  "rms_stat": 0.017878,
  "rms_dyn": 0.028707,
  "std_stat": 0.014696,
  "std_dyn": 0.028707,
  "time_drift": 0.027195,
  "correctionMatrixRow": [
    0.5262126899883095,
    0.0,
    0.0
  ]
}