{
  "r2": 0.392342,
  "mae": 0.012397,
  "rmse": 0.015538,
  "precision": 0.017712,
  "max_error_stat": 0.03715,
  "max_error_dyn": 0.045043,
  "mean_error_stat": 0.03715,
  "mean_error_dyn": 0.045043,
  "rms_stat": 0.008975,
  "rms_dyn": 0.015538,
  "std_stat": 0.008856,
  "std_dyn": 0.015538,
  "time_drift": 0.013306,
  "correctionMatrixRow": [
    0.40811090833140706,
    0.0,
    0.0
  ]
}