{
  "r2": 0.5267559550528451,
  "mae": 0.73431362413935,
  "rmse": 0.9401218340533157,
  "precision": 0.45595552588718846,
  "rms_stat": 0.2560184559533922,
  "rms_dyn": 0.9401218340533157,
  "rms_scale_factor": 0.13611145708025418,
  "std_stat": 0.2657239761783155,
  "time_drift": 1.7909057153545558,
  "correctionMatrixRow": [
    0.5088233199225037,
    0.1014414770390801,
    0.14397482617374138
  ]
}