{
  "r2": 0.631057144238044,
  "mae": 0.04516621973658974,
  "rmse": 0.06857734745722331,
  "precision": 0.031559211969165064,
  "rms_stat": 0.015796813050769874,
  "rms_dyn": 0.017657606517245385,
  "rms_scale_factor": 2385.359253422496,
  "std_stat": 0.015801722125708045,
  "time_drift": -0.06430909942861032,
  "correctionMatrixRow": [
    0.7508679454839254,
    0.0,
    0.0
  ]
}