{
  "r2": 0.7290290651292366,
  "mae": 0.03914269410368554,
  "rmse": 0.05877091944259721,
  "precision": 0.03322919077695457,
  "rms_stat": 0.016619593386806363,
  "rms_dyn": 0.05877091944259721,
  "rms_scale_factor": 0.10020617125762524,
  "std_stat": 0.016636506638372156,
  "time_drift": -0.03352807444734013,
  "correctionMatrixRow": [
    0.7153776398363718,
    0.14307507594891142,
    0.3510746990084876
  ]
}