{
  "r2": 9.8e-05,
  "mae": 0.00709,
  "rmse": 0.010526,
  "precision": 0.013055,
  "max_error_stat": 0.050029,
  "max_error_dyn": 0.111564,
  "rms_dyn": 0.010526,
  "rms_stat": 0.006529,
  "std_stat": 0.006528,
  "std_dyn": 0.006528,
  "time_drift": -9e-06,
  "correctionMatrixRow": [
    3.6652703533251513e-05,
    0.00018585700777802182,
    -0.00036272899744874723
  ]
}