{
  "r2": 0.936954,
  "mae": 0.539021,
  "rmse": 1.318179,
  "precision": 0.477838,
  "max_error_stat": 1.322877,
  "max_error_dyn": 23.102441,
  "rms_dyn": 1.318179,
  "rms_stat": 0.239334,
  "std_stat": 0.238919,
  "std_dyn": 0.238919,
  "time_drift": -0.010527,
  "correctionMatrixRow": [
    1.017236324469461,
    -0.011297369640284036,
    0.12294061193879229
  ]
}