{
  "r2": 0.877719,
  "mae": 0.202519,
  "rmse": 0.44226,
  "precision": 0.04832,
  "max_error_stat": 0.960032,
  "max_error_dyn": 13.935938,
  "rms_dyn": 0.44226,
  "rms_stat": 0.068906,
  "std_stat": 0.02416,
  "std_dyn": 0.02416,
  "time_drift": 0.015021,
  "correctionMatrixRow": [
    -0.12333883380300417,
    -0.006975564755275731,
    0.9076652878963679
  ]
}