{
  "r2": 0.023655,
  "mae": 0.000615,
  "rmse": 0.00077,
  "precision": 0.001319,
  "max_error_stat": 0.004789,
  "max_error_dyn": 0.004916,
  "rms_dyn": 0.00077,
  "rms_stat": 0.002227,
  "std_stat": 0.000659,
  "std_dyn": 0.000659,
  "time_drift": -0.000156,
  "correctionMatrixRow": [
    0.0015484483184760153,
    0.0007547944823779636,
    0.002502701960220108
  ]
}