{
  "r2": 0.9927774228482149,
  "mae": 0.35374381702651814,
  "rmse": 0.4227700299256996,
  "precision": 0.28646140686614574,
  "rms_stat": 0.15128370037636613,
  "rms_dyn": 0.4227700299256996,
  "rms_scale_factor": 0.016816082866424522,
  "std_stat": 0.285223416376035,
  "time_drift": 11.008918430065457,
  "correctionMatrixRow": [
    1.2549873586956353,
    -1.363828268753183,
    -0.7842797320553105
  ]
}