{
  "r2": 0.997625,
  "mae": 0.428538,
  "rmse": 0.527398,
  "precision": 0.138626,
  "max_error_stat": 1.280927,
  "max_error_dyn": 1.411309,
  "mean_error_stat": 1.280927,
  "mean_error_dyn": 1.411309,
  "rms_stat": 1.185871,
  "rms_dyn": 0.527398,
  "std_stat": 0.069313,
  "std_dyn": 0.527398,
  "time_drift": 1.618304,
  "correctionMatrixRow": [
    1.7655437946899684,
    0.0,
    0.0
  ]
}