{
  "r2": 0.9916099572458592,
  "mae": 0.3828504764549611,
  "rmse": 0.4556592435098148,
  "precision": 0.298502271051682,
  "rms_stat": 0.0075140683998329025,
  "rms_dyn": 1.040734531616872,
  "rms_scale_factor": 450.27954085307266,
  "std_stat": 0.0049664658141983665,
  "time_drift": -11.42310940770058,
  "correctionMatrixRow": [
    1.0116124981848709,
    0.0,
    0.0
  ]
}