{
  "r2": 0.46898025152139444,
  "mae": 4.87716322343831,
  "rmse": 5.922842950678824,
  "precision": 8.884402777726335,
  "rms_stat": 8.349300939518683,
  "rms_dyn": 5.922842950678824,
  "rms_scale_factor": 0.14299780131122086,
  "std_stat": 1.1593969126838752,
  "time_drift": 351.1346198737413,
  "correctionMatrixRow": [
    0.02854646046506547,
    -0.33027653550368496,
    -0.038260794129486575
  ]
}