{
  "r2": 0.818067,
  "mae": 0.297761,
  "rmse": 0.353075,
  "precision": 206.248732,
  "max_error_stat": 384.256194,
  "max_error_dyn": 1.073032,
  "rms_dyn": 0.353075,
  "rms_stat": 221.998318,
  "std_stat": 103.124366,
  "std_dyn": 103.124366,
  "time_drift": 6.67868,
  "correctionMatrixRow": [
    43.05516332264803,
    3.4253806678820586,
    3.69244570097448
  ]
}