{
  "r2": 0.992687,
  "mae": 0.646851,
  "rmse": 0.854705,
  "precision": 23.287461,
  "max_error_stat": 42.347101,
  "max_error_dyn": 3.786237,
  "rms_dyn": 0.854705,
  "rms_stat": 21.279183,
  "std_stat": 11.643731,
  "std_dyn": 11.643731,
  "time_drift": -66.816654,
  "correctionMatrixRow": [
    -0.04672274072028664,
    -0.04395953652795903,
    0.9391409705446109
  ]
}