{
  "r2": 0.05871269920841138,
  "mae": 0.011371777337570539,
  "rmse": 0.012850509135010901,
  "precision": 0.0013416606048816942,
  "rms_stat": 0.017754550768671412,
  "rms_dyn": 0.012850509135010901,
  "rms_scale_factor": 0.3435965009361215,
  "std_stat": 0.0006708617135008433,
  "time_drift": 6.592981790751297e-06,
  "correctionMatrixRow": [
    -1.360544782614151e-08,
    -2.1560480601067004e-08,
    6.499706653556695e-07
  ]
}