{
  "r2": 0.0009618382669138725,
  "mae": 0.012653925375306215,
  "rmse": 0.013914631590502453,
  "precision": 0.00011244807676751287,
  "rms_stat": 0.01569143307729094,
  "rms_dyn": 0.013562063008189747,
  "rms_scale_factor": 0.3635941825251932,
  "std_stat": 5.622667102667145e-05,
  "time_drift": 9.463502237510214e-06,
  "correctionMatrixRow": [
    0.0,
    0.0,
    0.005451073829224887
  ]
}