{
  "r2": 0.0018935305736287322,
  "mae": 1209.7700063733766,
  "rmse": 1344.132927665779,
  "precision": 112.83022397708288,
  "rms_stat": 1903.1932293532632,
  "rms_dyn": 1344.132927665779,
  "rms_scale_factor": 0.35316156796263243,
  "std_stat": 56.41914207119748,
  "time_drift": -30.86859249251703,
  "correctionMatrixRow": [
    0.0003090358994541172,
    -0.0001965278106277335,
    0.0010681411929454043
  ]
}