{
  "r2": 4.2e-05,
  "mae": 0.004945,
  "rmse": 0.006216,
  "precision": 0.026272,
  "max_error_stat": 0.060682,
  "max_error_dyn": 0.028094,
  "rms_dyn": 0.006216,
  "rms_stat": 0.018646,
  "std_stat": 0.013136,
  "std_dyn": 0.013136,
  "time_drift": -0.000125,
  "correctionMatrixRow": [
    -0.00012920415767427444,
    -0.00011359830788152487,
    2.141485320359684e-05
  ]
}