{
  "r2": 0.967362,
  "mae": 0.291198,
  "rmse": 0.571746,
  "precision": 0.397392,
  "max_error_stat": 0.796533,
  "max_error_dyn": 13.1012,
  "rms_dyn": 0.571746,
  "rms_stat": 0.202028,
  "std_stat": 0.198696,
  "std_dyn": 0.198696,
  "time_drift": -0.055863,
  "correctionMatrixRow": [
    -0.0116930717961088,
    0.9614707190819461,
    -0.010505663066455728
  ]
}